<?xml version="1.0" encoding="UTF-8"?>
    <addon id="repository.StarTec" name="[COLOR yellow]Star-Tec Repository[/COLOR]" version="1.3.0" provider-name="Star-Tec">
        <requires>
            <import addon="xbmc.addon" version="12.0.0"/>
        </requires>
	<extension point="xbmc.addon.repository" name="StarTec">
	<dir>
		<info compressed="false">https://raw.githubusercontent.com/gentec1/oTTtv/master/addons.xml</info>
        <checksum>https://raw.githubusercontent.com/gentec1/oTTtv/master/addons.xml.md5</checksum>
        <datadir zip="true">https://raw.github.com/gentec1/oTTtv/master/</datadir>
	</dir>
	<dir>
            <info compressed="false">https://raw.githubusercontent.com/marcelveldt/repository.marcelveldt/master/addons.xml</info>
            <checksum>https://raw.githubusercontent.com/marcelveldt/repository.marcelveldt/master/addons.xml.md5</checksum>
            <datadir zip="true">https://raw.githubusercontent.com/marcelveldt/repository.marcelveldt/master/</datadir>
    </dir>
	<dir>
		<info compressed="false">https://github.com/tvaddonsco/tva-resolvers-repo/raw/master/addons.xml</info>
		<checksum>https://github.com/tvaddonsco/tva-resolvers-repo/raw/master/addons.xml.md5</checksum>
		<datadir zip="true">https://github.com/tvaddonsco/tva-resolvers-repo/raw/master/zips/</datadir>
	</dir>
	<dir>
			<info compressed="false">https://raw.githubusercontent.com/jsergio123/zips/master/addons.xml</info>
			<checksum>https://raw.githubusercontent.com/jsergio123/zips/master/addons.xml.md5</checksum>
			<datadir zip="true">https://raw.githubusercontent.com/jsergio123/zips/master/</datadir>
    </dir>
	<dir>
			<info compressed="false">https://raw.githubusercontent.com/totalrevolution/python-koding/master/zips/addons.xml</info>
			<checksum>https://raw.githubusercontent.com/totalrevolution/python-koding/master/zips/addons.xml.md5</checksum>
			<datadir zip="true">https://raw.githubusercontent.com/totalrevolution/python-koding/master/zips/</datadir>
    </dir>
	<dir>
		<info compressed="false">http://gen-tec.co/gentecwiz/NEW%20REPO%20FOR%20GENTEC%20WIZARD/Repo/addons.xml</info>
		<checksum>http://gen-tec.co/gentecwiz/NEW%20REPO%20FOR%20GENTEC%20WIZARD/Repo/addons.xml.md5</checksum>
		<datadir zip="true">http://gen-tec.co/gentecwiz/NEW%20REPO%20FOR%20GENTEC%20WIZARD/Repo/</datadir>
	</dir>	
	<dir>
		<info compressed="false">https://raw.githubusercontent.com/teamuniversal/scrapers/master/_modules4all/zips/addons.xml</info>
		<checksum>https://raw.githubusercontent.com/teamuniversal/scrapers/master/_modules4all/zips/addons.xml.md5</checksum>
		<datadir zip="true">https://raw.githubusercontent.com/teamuniversal/scrapers/master/_modules4all/zips/</datadir>
	</dir> 
	</extension>
	<extension point="xbmc.addon.metadata">
		<summary>StarTec Repo</summary>
		<description>Download and install addons StarTec Builds</description>
		<platform>all</platform>
	</extension>
</addon>

