<?xml version="1.0" encoding="UTF-8" standalone="yes"?>
<addon id="repository.KM" name=".[COLOR red]KM[/COLOR] repo" version="2.0.1" provider-name="KodiMatija">
	<extension point="xbmc.addon.repository" name=".KM Repository">
		<dir>
			<info compressed="false">https://raw.githubusercontent.com/noobsandnerds/modules4all/master/zips/addons.xml</info>
			<checksum>https://raw.githubusercontent.com/noobsandnerds/modules4all/master/zips/addons.xml.md5</checksum>
			<datadir zip="true">https://raw.githubusercontent.com/noobsandnerds/modules4all/master/zips/</datadir>
		</dir>
		<info compressed="false">https://raw.githubusercontent.com/kodimatija/repository.KM/master/zips/addons.xml</info>
		<checksum>https://raw.githubusercontent.com/kodimatija/repository.KM/master/zips/addons.xml.md5</checksum>
		<datadir zip="true">https://raw.githubusercontent.com/kodimatija/repository.KM/master/zips/</datadir>
	</extension>
	<extension point="xbmc.addon.metadata">
		<summary lang="en">KM offical repo</summary>
		<description lang="en">U ovom repu cete naci najnovije addone i postavke za podrucje ExYu</description>
		<genre></genre>
	</extension>
</addon>